[{"CapturedDate":"2019-07-11T00:00:00","DbaseQty":1,"FolderDoneQty":0,"SFTPTransferredTxt":0,"SFTPTransferredZip":0},{"CapturedDate":"2019-07-12T00:00:00","DbaseQty":16,"FolderDoneQty":0,"SFTPTransferredTxt":0,"SFTPTransferredZip":0},{"CapturedDate":"2019-07-13T00:00:00","DbaseQty":2,"FolderDoneQty":0,"SFTPTransferredTxt":0,"SFTPTransferredZip":0},{"CapturedDate":"2019-07-15T00:00:00","DbaseQty":93,"FolderDoneQty":0,"SFTPTransferredTxt":0,"SFTPTransferredZip":0},{"CapturedDate":"2019-07-16T00:00:00","DbaseQty":222,"FolderDoneQty":0,"SFTPTransferredTxt":0,"SFTPTransferredZip":0},{"CapturedDate":"2019-07-17T00:00:00","DbaseQty":294,"FolderDoneQty":0,"SFTPTransferredTxt":0,"SFTPTransferredZip":0},{"CapturedDate":"2019-07-18T00:00:00","DbaseQty":270,"FolderDoneQty":0,"SFTPTransferredTxt":0,"SFTPTransferredZip":0},{"CapturedDate":"2019-07-19T00:00:00","DbaseQty":325,"FolderDoneQty":0,"SFTPTransferredTxt":0,"SFTPTransferredZip":0},{"CapturedDate":"2019-07-22T00:00:00","DbaseQty":313,"FolderDoneQty":0,"SFTPTransferredTxt":0,"SFTPTransferredZip":0},{"CapturedDate":"2019-07-23T00:00:00","DbaseQty":375,"FolderDoneQty":0,"SFTPTransferredTxt":0,"SFTPTransferredZip":0},{"CapturedDate":"2019-07-24T00:00:00","DbaseQty":397,"FolderDoneQty":0,"SFTPTransferredTxt":0,"SFTPTransferredZip":0},{"CapturedDate":"2019-07-25T00:00:00","DbaseQty":315,"FolderDoneQty":0,"SFTPTransferredTxt":0,"SFTPTransferredZip":0},{"CapturedDate":"2019-07-26T00:00:00","DbaseQty":392,"FolderDoneQty":0,"SFTPTransferredTxt":0,"SFTPTransferredZip":0},{"CapturedDate":"2019-07-29T00:00:00","DbaseQty":399,"FolderDoneQty":0,"SFTPTransferredTxt":0,"SFTPTransferredZip":0},{"CapturedDate":"2019-07-30T00:00:00","DbaseQty":400,"FolderDoneQty":0,"SFTPTransferredTxt":0,"SFTPTransferredZip":0},{"CapturedDate":"2019-07-31T00:00:00","DbaseQty":344,"FolderDoneQty":0,"SFTPTransferredTxt":0,"SFTPTransferredZip":0},{"CapturedDate":"2019-08-01T00:00:00","DbaseQty":408,"FolderDoneQty":0,"SFTPTransferredTxt":0,"SFTPTransferredZip":0},{"CapturedDate":"2019-08-02T00:00:00","DbaseQty":275,"FolderDoneQty":0,"SFTPTransferredTxt":0,"SFTPTransferredZip":0},{"CapturedDate":"2019-08-05T00:00:00","DbaseQty":273,"FolderDoneQty":0,"SFTPTransferredTxt":0,"SFTPTransferredZip":0},{"CapturedDate":"2019-08-06T00:00:00","DbaseQty":274,"FolderDoneQty":0,"SFTPTransferredTxt":0,"SFTPTransferredZip":0},{"CapturedDate":"2019-08-07T00:00:00","DbaseQty":609,"FolderDoneQty":0,"SFTPTransferredTxt":0,"SFTPTransferredZip":0},{"CapturedDate":"2019-08-08T00:00:00","DbaseQty":877,"FolderDoneQty":0,"SFTPTransferredTxt":0,"SFTPTransferredZip":0},{"CapturedDate":"2019-08-09T00:00:00","DbaseQty":597,"FolderDoneQty":0,"SFTPTransferredTxt":0,"SFTPTransferredZip":0},{"CapturedDate":"2019-08-13T00:00:00","DbaseQty":851,"FolderDoneQty":0,"SFTPTransferredTxt":0,"SFTPTransferredZip":0},{"CapturedDate":"2019-08-14T00:00:00","DbaseQty":863,"FolderDoneQty":0,"SFTPTransferredTxt":0,"SFTPTransferredZip":0},{"CapturedDate":"2019-08-15T00:00:00","DbaseQty":586,"FolderDoneQty":0,"SFTPTransferredTxt":0,"SFTPTransferredZip":0},{"CapturedDate":"2019-08-16T00:00:00","DbaseQty":1015,"FolderDoneQty":0,"SFTPTransferredTxt":0,"SFTPTransferredZip":0},{"CapturedDate":"2019-08-17T00:00:00","DbaseQty":29,"FolderDoneQty":0,"SFTPTransferredTxt":0,"SFTPTransferredZip":0},{"CapturedDate":"2019-08-19T00:00:00","DbaseQty":895,"FolderDoneQty":0,"SFTPTransferredTxt":0,"SFTPTransferredZip":0},{"CapturedDate":"2019-08-20T00:00:00","DbaseQty":908,"FolderDoneQty":0,"SFTPTransferredTxt":0,"SFTPTransferredZip":0},{"CapturedDate":"2019-08-22T00:00:00","DbaseQty":805,"FolderDoneQty":0,"SFTPTransferredTxt":0,"SFTPTransferredZip":0},{"CapturedDate":"2019-08-23T00:00:00","DbaseQty":944,"FolderDoneQty":0,"SFTPTransferredTxt":0,"SFTPTransferredZip":0},{"CapturedDate":"2019-08-27T00:00:00","DbaseQty":751,"FolderDoneQty":0,"SFTPTransferredTxt":0,"SFTPTransferredZip":0},{"CapturedDate":"2019-08-28T00:00:00","DbaseQty":947,"FolderDoneQty":0,"SFTPTransferredTxt":0,"SFTPTransferredZip":0},{"CapturedDate":"2019-08-29T00:00:00","DbaseQty":722,"FolderDoneQty":0,"SFTPTransferredTxt":0,"SFTPTransferredZip":0},{"CapturedDate":"2019-08-30T00:00:00","DbaseQty":646,"FolderDoneQty":0,"SFTPTransferredTxt":0,"SFTPTransferredZip":0},{"CapturedDate":"2019-09-02T00:00:00","DbaseQty":1111,"FolderDoneQty":0,"SFTPTransferredTxt":0,"SFTPTransferredZip":0},{"CapturedDate":"2019-09-03T00:00:00","DbaseQty":1070,"FolderDoneQty":0,"SFTPTransferredTxt":0,"SFTPTransferredZip":0},{"CapturedDate":"2019-09-04T00:00:00","DbaseQty":1291,"FolderDoneQty":0,"SFTPTransferredTxt":0,"SFTPTransferredZip":0},{"CapturedDate":"2019-09-05T00:00:00","DbaseQty":1003,"FolderDoneQty":0,"SFTPTransferredTxt":0,"SFTPTransferredZip":0},{"CapturedDate":"2019-09-06T00:00:00","DbaseQty":1078,"FolderDoneQty":0,"SFTPTransferredTxt":0,"SFTPTransferredZip":0},{"CapturedDate":"2019-09-07T00:00:00","DbaseQty":11,"FolderDoneQty":0,"SFTPTransferredTxt":0,"SFTPTransferredZip":0},{"CapturedDate":"2019-09-09T00:00:00","DbaseQty":880,"FolderDoneQty":0,"SFTPTransferredTxt":0,"SFTPTransferredZip":0},{"CapturedDate":"2019-09-10T00:00:00","DbaseQty":1157,"FolderDoneQty":0,"SFTPTransferredTxt":0,"SFTPTransferredZip":0},{"CapturedDate":"2019-09-11T00:00:00","DbaseQty":1519,"FolderDoneQty":0,"SFTPTransferredTxt":0,"SFTPTransferredZip":0},{"CapturedDate":"2019-09-12T00:00:00","DbaseQty":1590,"FolderDoneQty":0,"SFTPTransferredTxt":0,"SFTPTransferredZip":0},{"CapturedDate":"2019-09-13T00:00:00","DbaseQty":1639,"FolderDoneQty":0,"SFTPTransferredTxt":0,"SFTPTransferredZip":0},{"CapturedDate":"2019-09-14T00:00:00","DbaseQty":25,"FolderDoneQty":0,"SFTPTransferredTxt":0,"SFTPTransferredZip":0},{"CapturedDate":"2019-09-16T00:00:00","DbaseQty":1431,"FolderDoneQty":0,"SFTPTransferredTxt":0,"SFTPTransferredZip":0},{"CapturedDate":"2019-09-17T00:00:00","DbaseQty":1530,"FolderDoneQty":0,"SFTPTransferredTxt":0,"SFTPTransferredZip":0},{"CapturedDate":"2019-09-18T00:00:00","DbaseQty":1700,"FolderDoneQty":0,"SFTPTransferredTxt":0,"SFTPTransferredZip":0},{"CapturedDate":"2019-09-19T00:00:00","DbaseQty":1649,"FolderDoneQty":0,"SFTPTransferredTxt":0,"SFTPTransferredZip":0},{"CapturedDate":"2019-09-20T00:00:00","DbaseQty":1992,"FolderDoneQty":0,"SFTPTransferredTxt":0,"SFTPTransferredZip":0},{"CapturedDate":"2019-09-23T00:00:00","DbaseQty":1382,"FolderDoneQty":0,"SFTPTransferredTxt":0,"SFTPTransferredZip":0},{"CapturedDate":"2019-09-24T00:00:00","DbaseQty":1815,"FolderDoneQty":0,"SFTPTransferredTxt":0,"SFTPTransferredZip":0},{"CapturedDate":"2019-09-25T00:00:00","DbaseQty":2053,"FolderDoneQty":0,"SFTPTransferredTxt":0,"SFTPTransferredZip":0},{"CapturedDate":"2019-09-26T00:00:00","DbaseQty":1854,"FolderDoneQty":0,"SFTPTransferredTxt":0,"SFTPTransferredZip":0},{"CapturedDate":"2019-09-27T00:00:00","DbaseQty":1883,"FolderDoneQty":0,"SFTPTransferredTxt":0,"SFTPTransferredZip":0},{"CapturedDate":"2019-09-30T00:00:00","DbaseQty":1850,"FolderDoneQty":0,"SFTPTransferredTxt":0,"SFTPTransferredZip":0},{"CapturedDate":"2019-10-01T00:00:00","DbaseQty":1640,"FolderDoneQty":0,"SFTPTransferredTxt":0,"SFTPTransferredZip":0},{"CapturedDate":"2019-10-02T00:00:00","DbaseQty":1716,"FolderDoneQty":0,"SFTPTransferredTxt":0,"SFTPTransferredZip":0},{"CapturedDate":"2019-10-03T00:00:00","DbaseQty":2139,"FolderDoneQty":0,"SFTPTransferredTxt":0,"SFTPTransferredZip":0},{"CapturedDate":"2019-10-04T00:00:00","DbaseQty":2040,"FolderDoneQty":0,"SFTPTransferredTxt":0,"SFTPTransferredZip":0},{"CapturedDate":"2019-10-07T00:00:00","DbaseQty":2045,"FolderDoneQty":0,"SFTPTransferredTxt":0,"SFTPTransferredZip":0},{"CapturedDate":"2019-10-08T00:00:00","DbaseQty":2107,"FolderDoneQty":0,"SFTPTransferredTxt":0,"SFTPTransferredZip":0},{"CapturedDate":"2019-10-09T00:00:00","DbaseQty":2364,"FolderDoneQty":0,"SFTPTransferredTxt":0,"SFTPTransferredZip":0},{"CapturedDate":"2019-10-10T00:00:00","DbaseQty":2561,"FolderDoneQty":0,"SFTPTransferredTxt":0,"SFTPTransferredZip":0},{"CapturedDate":"2019-10-11T00:00:00","DbaseQty":3044,"FolderDoneQty":0,"SFTPTransferredTxt":0,"SFTPTransferredZip":0},{"CapturedDate":"2019-10-14T00:00:00","DbaseQty":2721,"FolderDoneQty":0,"SFTPTransferredTxt":0,"SFTPTransferredZip":0},{"CapturedDate":"2019-10-15T00:00:00","DbaseQty":2895,"FolderDoneQty":0,"SFTPTransferredTxt":0,"SFTPTransferredZip":0},{"CapturedDate":"2019-10-16T00:00:00","DbaseQty":3034,"FolderDoneQty":0,"SFTPTransferredTxt":0,"SFTPTransferredZip":0},{"CapturedDate":"2019-10-17T00:00:00","DbaseQty":2150,"FolderDoneQty":0,"SFTPTransferredTxt":0,"SFTPTransferredZip":0},{"CapturedDate":"2019-10-18T00:00:00","DbaseQty":2640,"FolderDoneQty":0,"SFTPTransferredTxt":0,"SFTPTransferredZip":0},{"CapturedDate":"2019-10-21T00:00:00","DbaseQty":2749,"FolderDoneQty":0,"SFTPTransferredTxt":0,"SFTPTransferredZip":0},{"CapturedDate":"2019-10-22T00:00:00","DbaseQty":2865,"FolderDoneQty":0,"SFTPTransferredTxt":0,"SFTPTransferredZip":0},{"CapturedDate":"2019-10-23T00:00:00","DbaseQty":2235,"FolderDoneQty":0,"SFTPTransferredTxt":0,"SFTPTransferredZip":0},{"CapturedDate":"2019-10-24T00:00:00","DbaseQty":2374,"FolderDoneQty":0,"SFTPTransferredTxt":0,"SFTPTransferredZip":0},{"CapturedDate":"2019-10-25T00:00:00","DbaseQty":3090,"FolderDoneQty":0,"SFTPTransferredTxt":0,"SFTPTransferredZip":0},{"CapturedDate":"2019-10-28T00:00:00","DbaseQty":3122,"FolderDoneQty":0,"SFTPTransferredTxt":0,"SFTPTransferredZip":0},{"CapturedDate":"2019-10-29T00:00:00","DbaseQty":2743,"FolderDoneQty":0,"SFTPTransferredTxt":0,"SFTPTransferredZip":0},{"CapturedDate":"2019-10-30T00:00:00","DbaseQty":2930,"FolderDoneQty":0,"SFTPTransferredTxt":0,"SFTPTransferredZip":0},{"CapturedDate":"2019-10-31T00:00:00","DbaseQty":21,"FolderDoneQty":0,"SFTPTransferredTxt":0,"SFTPTransferredZip":0},{"CapturedDate":"2019-11-04T00:00:00","DbaseQty":3088,"FolderDoneQty":0,"SFTPTransferredTxt":0,"SFTPTransferredZip":0},{"CapturedDate":"2019-11-05T00:00:00","DbaseQty":3149,"FolderDoneQty":0,"SFTPTransferredTxt":0,"SFTPTransferredZip":0},{"CapturedDate":"2019-11-06T00:00:00","DbaseQty":3410,"FolderDoneQty":0,"SFTPTransferredTxt":0,"SFTPTransferredZip":0},{"CapturedDate":"2019-11-07T00:00:00","DbaseQty":3340,"FolderDoneQty":0,"SFTPTransferredTxt":0,"SFTPTransferredZip":0},{"CapturedDate":"2019-11-08T00:00:00","DbaseQty":3361,"FolderDoneQty":0,"SFTPTransferredTxt":0,"SFTPTransferredZip":0},{"CapturedDate":"2019-11-11T00:00:00","DbaseQty":1766,"FolderDoneQty":0,"SFTPTransferredTxt":0,"SFTPTransferredZip":0},{"CapturedDate":"2019-11-12T00:00:00","DbaseQty":3488,"FolderDoneQty":0,"SFTPTransferredTxt":0,"SFTPTransferredZip":0},{"CapturedDate":"2019-11-13T00:00:00","DbaseQty":2830,"FolderDoneQty":0,"SFTPTransferredTxt":0,"SFTPTransferredZip":0},{"CapturedDate":"2019-11-14T00:00:00","DbaseQty":3224,"FolderDoneQty":0,"SFTPTransferredTxt":0,"SFTPTransferredZip":0},{"CapturedDate":"2019-11-15T00:00:00","DbaseQty":3109,"FolderDoneQty":0,"SFTPTransferredTxt":0,"SFTPTransferredZip":0},{"CapturedDate":"2019-11-18T00:00:00","DbaseQty":3461,"FolderDoneQty":0,"SFTPTransferredTxt":0,"SFTPTransferredZip":0},{"CapturedDate":"2019-11-19T00:00:00","DbaseQty":2398,"FolderDoneQty":0,"SFTPTransferredTxt":0,"SFTPTransferredZip":0},{"CapturedDate":"2019-11-20T00:00:00","DbaseQty":3460,"FolderDoneQty":0,"SFTPTransferredTxt":0,"SFTPTransferredZip":0},{"CapturedDate":"2019-11-21T00:00:00","DbaseQty":3652,"FolderDoneQty":0,"SFTPTransferredTxt":0,"SFTPTransferredZip":0},{"CapturedDate":"2019-11-22T00:00:00","DbaseQty":3699,"FolderDoneQty":3,"SFTPTransferredTxt":0,"SFTPTransferredZip":0},{"CapturedDate":"2019-11-23T00:00:00","DbaseQty":17,"FolderDoneQty":0,"SFTPTransferredTxt":0,"SFTPTransferredZip":0},{"CapturedDate":"2019-11-25T00:00:00","DbaseQty":3235,"FolderDoneQty":0,"SFTPTransferredTxt":0,"SFTPTransferredZip":0},{"CapturedDate":"2019-11-26T00:00:00","DbaseQty":1463,"FolderDoneQty":0,"SFTPTransferredTxt":0,"SFTPTransferredZip":0},{"CapturedDate":"2019-11-27T00:00:00","DbaseQty":3350,"FolderDoneQty":0,"SFTPTransferredTxt":0,"SFTPTransferredZip":0},{"CapturedDate":"2019-11-28T00:00:00","DbaseQty":3010,"FolderDoneQty":0,"SFTPTransferredTxt":0,"SFTPTransferredZip":0},{"CapturedDate":"2019-11-29T00:00:00","DbaseQty":2508,"FolderDoneQty":0,"SFTPTransferredTxt":0,"SFTPTransferredZip":0},{"CapturedDate":"2019-12-02T00:00:00","DbaseQty":3287,"FolderDoneQty":0,"SFTPTransferredTxt":0,"SFTPTransferredZip":0},{"CapturedDate":"2019-12-03T00:00:00","DbaseQty":1842,"FolderDoneQty":0,"SFTPTransferredTxt":0,"SFTPTransferredZip":0},{"CapturedDate":"2019-12-04T00:00:00","DbaseQty":2662,"FolderDoneQty":0,"SFTPTransferredTxt":0,"SFTPTransferredZip":0},{"CapturedDate":"2019-12-05T00:00:00","DbaseQty":2789,"FolderDoneQty":0,"SFTPTransferredTxt":0,"SFTPTransferredZip":0},{"CapturedDate":"2019-12-06T00:00:00","DbaseQty":3249,"FolderDoneQty":0,"SFTPTransferredTxt":0,"SFTPTransferredZip":0},{"CapturedDate":"2019-12-07T00:00:00","DbaseQty":243,"FolderDoneQty":0,"SFTPTransferredTxt":0,"SFTPTransferredZip":0},{"CapturedDate":"2019-12-09T00:00:00","DbaseQty":3016,"FolderDoneQty":0,"SFTPTransferredTxt":0,"SFTPTransferredZip":0},{"CapturedDate":"2019-12-10T00:00:00","DbaseQty":3398,"FolderDoneQty":0,"SFTPTransferredTxt":0,"SFTPTransferredZip":0},{"CapturedDate":"2019-12-11T00:00:00","DbaseQty":3027,"FolderDoneQty":0,"SFTPTransferredTxt":0,"SFTPTransferredZip":0},{"CapturedDate":"2019-12-12T00:00:00","DbaseQty":3052,"FolderDoneQty":0,"SFTPTransferredTxt":0,"SFTPTransferredZip":0},{"CapturedDate":"2019-12-13T00:00:00","DbaseQty":3126,"FolderDoneQty":0,"SFTPTransferredTxt":0,"SFTPTransferredZip":0},{"CapturedDate":"2019-12-16T00:00:00","DbaseQty":3334,"FolderDoneQty":0,"SFTPTransferredTxt":0,"SFTPTransferredZip":0},{"CapturedDate":"2019-12-17T00:00:00","DbaseQty":2070,"FolderDoneQty":0,"SFTPTransferredTxt":0,"SFTPTransferredZip":0},{"CapturedDate":"2019-12-18T00:00:00","DbaseQty":2737,"FolderDoneQty":0,"SFTPTransferredTxt":0,"SFTPTransferredZip":0},{"CapturedDate":"2019-12-19T00:00:00","DbaseQty":3487,"FolderDoneQty":0,"SFTPTransferredTxt":0,"SFTPTransferredZip":0},{"CapturedDate":"2019-12-20T00:00:00","DbaseQty":2856,"FolderDoneQty":0,"SFTPTransferredTxt":0,"SFTPTransferredZip":0},{"CapturedDate":"2019-12-23T00:00:00","DbaseQty":2638,"FolderDoneQty":0,"SFTPTransferredTxt":0,"SFTPTransferredZip":0},{"CapturedDate":"2019-12-27T00:00:00","DbaseQty":3153,"FolderDoneQty":0,"SFTPTransferredTxt":0,"SFTPTransferredZip":0},{"CapturedDate":"2020-01-02T00:00:00","DbaseQty":2397,"FolderDoneQty":0,"SFTPTransferredTxt":17438,"SFTPTransferredZip":22804},{"CapturedDate":"2020-01-03T00:00:00","DbaseQty":2946,"FolderDoneQty":0,"SFTPTransferredTxt":24876,"SFTPTransferredZip":23447},{"CapturedDate":"2020-01-06T00:00:00","DbaseQty":3705,"FolderDoneQty":0,"SFTPTransferredTxt":4738,"SFTPTransferredZip":4740},{"CapturedDate":"2020-01-07T00:00:00","DbaseQty":3702,"FolderDoneQty":0,"SFTPTransferredTxt":3702,"SFTPTransferredZip":3702},{"CapturedDate":"2020-01-08T00:00:00","DbaseQty":2335,"FolderDoneQty":0,"SFTPTransferredTxt":2335,"SFTPTransferredZip":2335},{"CapturedDate":"2020-01-09T00:00:00","DbaseQty":3400,"FolderDoneQty":0,"SFTPTransferredTxt":3399,"SFTPTransferredZip":3399},{"CapturedDate":"2020-01-10T00:00:00","DbaseQty":3997,"FolderDoneQty":0,"SFTPTransferredTxt":3997,"SFTPTransferredZip":3997},{"CapturedDate":"2020-01-13T00:00:00","DbaseQty":1917,"FolderDoneQty":0,"SFTPTransferredTxt":1917,"SFTPTransferredZip":1917},{"CapturedDate":"2020-01-14T00:00:00","DbaseQty":3261,"FolderDoneQty":2,"SFTPTransferredTxt":3260,"SFTPTransferredZip":3260},{"CapturedDate":"2020-01-15T00:00:00","DbaseQty":3923,"FolderDoneQty":0,"SFTPTransferredTxt":3923,"SFTPTransferredZip":3923}]